carID,price
12000,38551.48
12001,23880.86
12004,57926.7
12013,14963.54
12017,50029.2
12019,23208.52
12020,17842.78
12024,21570.61
12027,24604.16
12028,34803.06
12029,33194.07
12034,26507.58
12040,46117.74
12041,33066.78
12042,11973.78
12043,33382.82666666667
12046,34043.65
12047,27816.84
12048,3176.85
12049,7423.65
12052,27950.86
12054,23610.51
12056,25926.06
12060,37015.2
12064,54384.39
12069,33942.4
12071,74966.58
12073,27470.77
12076,33382.82666666667
12081,11255.17
12082,21558.89
12083,19644.24
12088,8904.975
12091,17174.08
12095,17388.19
12096,27077.17
12100,21466.42
12102,21993.79
12103,94177.17
12116,30324.74
12119,70239.58
12122,8517.08
12129,13554.07
12133,30370.51
12136,52128.03
12138,19887.12
12141,35899.11
12142,20938.34
12151,10254.01
12153,15667.72
12155,47824.75
12158,20049.25
12160,14828.58
12166,33118.20111111111
12167,20239.61
12173,22748.23
12179,18141.4
12180,20756.33
12181,17456.6919047619
12182,14523.62
12183,8568.64
12184,8242.54
12186,48093.04
12187,19482.71
12191,39701.47
12193,33772.15
12196,21569.87
12199,14760.41
12201,46401.49
12203,20156.14
12208,19317.91
12210,14424.83
12211,22966.66
12219,18788.01
12220,16880.38
12224,51917.35
12228,48875.8
12231,12606.0
12232,22366.16
12233,64868.26
12235,44115.95
12238,18305.64
12245,48417.06
12247,48535.71666666667
12248,45881.97
12250,20708.29
12254,33871.43777777777
12256,13644.84
12258,8477.78
12259,43837.6
12264,12160.9
12265,20459.12
12266,26049.86
12268,36410.31333333333
12270,22091.33
12274,20507.08
12276,21323.911428571428
12277,8555.71
12279,20272.46
12283,25150.25
12284,34378.72
12287,31459.141
12289,57279.49
12291,18279.32
12292,35531.89
12295,13027.88
12298,22240.11
12299,20555.55
12300,34425.47
12309,7133.25
12311,19598.19
12312,8947.51
12314,10712.64
12318,4139.09
12320,53977.61
12321,4588.9766666666665
12324,37243.64
12325,33006.49
12326,9955.52
12328,16777.19
12329,17850.94
12331,8420.17
12332,30733.81
12333,13497.72
12338,18577.85
12346,18578.48
12354,24315.79
12355,27980.79
12359,33232.68682539681
12360,33506.57
12362,9040.0
12364,12821.27
12365,46111.02
12368,14297.75
12373,16474.02
12376,7628.64
12378,14684.22
12379,33307.922
12381,35112.45
12384,18389.07
12386,7648.73
12388,33028.11
12392,25772.33
12401,33938.22
12402,55175.46
12405,8876.28
12407,17469.58
12410,9246.056666666665
12412,49331.37666666666
12415,8062.02
12417,41025.26
12422,48793.29
12424,18589.933333333334
12425,41134.99
12429,3338.69
12430,19535.71
12432,5991.14
12434,22617.01
12436,38214.09
12437,10656.35
12442,36386.78
12444,8199.45
12448,47376.26
12449,4670.86
12450,30862.13333333333
12451,48080.14
12452,31883.25
12453,21425.41
12457,10809.34
12460,4284.05
12465,13033.85
12467,19535.71
12468,12637.59
12469,21260.13
12474,18192.3
12482,7045.34
12485,22607.98
12487,7844.22
12501,7008.45
12504,16934.95
12506,16708.18
12507,12154.65
12508,17574.37
12511,15811.32
12518,1890.21
12521,11879.06
12522,23802.63
12538,8223.09
12542,11198.17
12545,22340.4
12546,5145.7
12547,20424.54
12548,20184.84
12549,11412.4
12551,14008.39
12552,15816.91
12553,34489.65
12554,16183.7
12556,7048.86
12557,51032.3
12560,15881.33
12562,32426.92
12563,6044.09
12564,16444.47
12566,15635.99
12574,29879.46
12575,76217.9
12576,64088.73
12580,13224.28
12583,11569.65
12589,19917.25
12590,10565.73
12591,21434.44
12594,13301.44
12598,26898.0
12601,75336.62
12602,11432.68
12603,26476.915
12604,25636.43
12605,25992.85
12609,35095.635
12615,34734.14
12618,19404.3
12619,35517.55
12621,38571.89
12622,7688.81
12630,17391.1
12631,51536.94
12632,2074.66
12639,9697.72
12641,21591.73
12645,48896.02
12647,35905.36
12648,18060.23
12651,45468.7
12655,19990.33
12657,37049.82
12662,32578.24
12665,19818.28
12666,7258.223333333333
12668,26687.08
12672,24518.96933333333
12673,11159.046166666667
12675,17154.57
12677,2040.33
12680,14961.15
12683,38716.78
12685,37357.46
12687,13391.64
12692,46185.4
12694,11695.21
12702,34287.27
12703,18742.67
12704,17795.38
12705,75106.92
12708,23647.03
12710,16484.18
12711,35199.43333333333
12713,29289.5
12715,21509.44
12716,27597.21
12726,18305.64
12728,23715.99
12734,28983.454735500007
12736,9137.42
12746,57860.81
12750,13366.18
12754,20208.79
12755,20196.84
12759,20751.4
12762,14689.47
12763,20446.93
12767,74073.3
12768,16120.0
12772,12280.61
12773,16861.89
12777,41560.79
12779,15628.08
12788,8324.5
12789,25739.95
12790,39789.3
12796,10995.15
12798,14030.26
12804,14061.1
12805,19187.03
12807,27110.875
12810,27061.23
12811,51204.31
12812,11468.73
12818,5966.14
12821,15538.33
12822,28322.18
12825,30871.0
12829,17945.26
12831,30422.25
12832,26266.74
12833,28336.62
12836,15882.77
12838,24515.48
12841,36153.89
12843,18413.94
12848,10952.56
12850,19932.06
12853,13499.77
12855,13943.9
12858,11805.91
12859,8908.38
12860,46936.01
12861,57831.62
12862,9466.96
12866,71040.75
12869,9994.95
12870,10184.7
12872,51859.54
12873,17918.0
12874,20778.69
12877,38963.39
12878,28374.1
12881,6499.69
12882,22319.81
12887,11750.68
12892,18712.88
12893,20135.31
12895,42612.95
12896,15400.84
12897,30678.62
12902,13784.29
12907,12358.75
12912,14127.2
12918,5760.49
12919,6967.04
12936,29745.7
12938,15590.38
12939,36218.22
12946,13887.74
12947,32697.54
12950,5121.73
12954,10946.87
12955,13269.5
12958,25701.84
12960,34769.74
12961,9503.33
12964,19718.269047619047
12965,19322.13
12970,40467.37
12974,7399.29
12979,14797.73
12981,6047.26
12982,12862.82
12985,10086.17
12986,26826.94
12988,24546.02
12989,12799.85
12992,9884.36
12993,12034.91
12996,20162.92
12998,32808.22
12999,29497.87
13000,18461.17
13001,17636.81
13002,20491.23
13003,3370.87
13004,25857.08
13012,33040.53
13013,15879.56
13016,24293.28
13017,4597.26
13020,18118.78
13024,21603.77
13031,38667.31
13034,13536.94
13040,17536.71
13041,33410.61
13042,8789.74
13043,26694.66
13046,13755.94
13047,27315.22
13049,13354.66
13050,52023.91
13051,14826.113333333336
13057,18026.55
13058,21241.67
13063,16214.27
13064,29769.22
13069,62249.38
13071,21470.6
13072,8609.71
13073,14629.93
13074,26621.03
13079,10818.59
13081,27644.3
13087,11131.3875
13089,7155.11
13096,21554.51
13098,12335.4
13106,18800.62
13109,56133.57
13114,21274.01
13115,40139.86
13116,12007.95
13119,16621.99
13122,9243.13
13126,18454.33
13129,19281.61
13133,29879.46
13134,17556.35
13136,8138.92
13140,9575.58
13144,9531.96
13146,12294.55
13147,29346.83
13148,20187.09
13150,11606.96
13152,22176.67
13153,19406.26
13155,26917.08
13156,15939.88
13159,21657.7
13160,10733.56
13170,35050.33833333333
13173,10556.92
13174,17231.99
13178,14366.82
13181,11277.5
13184,16495.91
13186,20138.52
13188,22629.08
13189,21477.31
13191,25911.108437418992
13194,15935.330833333333
13195,20151.37
13197,13693.56
13201,29318.9
13214,21588.01
13215,18596.62
13216,16626.99
13218,23555.05
13220,39197.84
13221,22010.756666666664
13227,12052.5
13231,19732.58
13234,55979.78
13238,18199.8
13240,16291.46
13244,8247.09
13245,32181.826190476186
13248,26110.26
13249,21408.26
13250,41719.01
13256,41736.9
13257,44759.99
13262,6160.83
13265,20495.08
13267,20934.073333333334
13273,15868.32
13275,10007.22
13279,27670.345
13280,5720.78
13287,25441.24
13291,13232.58
13295,43544.36
13298,25911.108437418992
13299,8244.9
13305,23097.14
13306,7162.27
13311,12672.28
13313,47357.61
13314,11506.84
13315,28825.387290275088
13316,9393.1
13319,43592.87
13326,48381.18
13327,19374.28
13328,37436.37
13329,39446.62
13335,24331.36666666667
13337,16122.26
13338,22257.11
13349,13433.06
13351,21099.63
13352,11632.65
13355,44690.4
13361,15096.27
13364,9412.55
13366,16752.96
13367,5964.86
13368,18707.46
13371,32937.32
13375,95682.62
13377,48316.55
13379,11164.82
13383,7909.32
13384,13235.01
13386,8925.13
13387,16495.78
13393,17500.53
13396,9622.53
13398,12857.57
13400,20146.66
13402,9164.28
13406,31916.58
13408,53645.08
13409,11057.67
13413,15072.95
13414,19695.29
13416,19285.62
13419,44854.7
13420,17803.34
13422,11334.15
13424,27068.2
13432,7623.29
13433,2981.05
13437,15565.85
13438,7261.91
13442,27215.95
13443,15906.37
13444,14899.315
13446,18221.01
13447,42552.45
13449,5953.37
13454,3297.97
13460,22910.145
13462,15755.35
13468,65370.84
13470,15793.15
13472,13997.86
13473,14981.84
13477,29512.9
13478,13320.77
13479,5609.33
13480,8591.2
13496,54370.65
13503,12506.15
13504,37596.27
13505,32865.65
13508,28447.16
13509,12553.5
13513,72330.41
13524,84431.68333333332
13525,11280.62
13526,35697.4
13530,8563.4
13534,21228.1
13535,30075.78
13541,29216.2
13547,58346.32
13551,45274.29
13552,31737.02
13553,18780.62
13558,6381.18
13562,59138.74
13563,15277.98
13566,16000.05
13573,52640.65
13577,26484.136666666665
13581,31415.26
13584,15915.37
13587,10420.22
13594,17845.34
13595,20898.56
13597,28166.5
13603,21866.17
13604,10694.62
13606,13986.26
13610,48795.47
13617,6447.86
13619,32390.421428571426
13620,56658.28
13621,12266.98
13622,38651.34
13624,74485.2
13626,15602.69
13627,12352.1
13628,8558.11
13631,32268.42
13634,46667.78
13639,4235.98
13640,14220.1
13645,4009.83
13647,23440.03
13649,25353.33
13651,17550.5
13652,9123.59
13654,37357.77
13655,51245.24
13662,59765.56
13665,25540.71
13666,15626.91
13668,6469.97
13670,9598.94
13672,16637.42
13678,8395.7
13682,39832.01
13684,40608.52
13689,47441.96
13690,8866.0
13692,45680.68
13695,12885.68
13698,36757.35
13700,14821.25
13702,27888.32
13707,16981.77
13712,4541.54
13713,8865.95
13716,18594.68
13719,37582.1
13721,39030.48
13729,7121.7
13730,26201.33
13731,23399.84
13733,16514.465
13736,21441.23
13742,13756.53
13746,9216.87
13751,44415.37
13755,28696.43
13756,22697.95
13759,15489.33
13767,6646.46
13768,22071.2
13771,2720.34
13774,20038.1
13775,13443.11
13776,13662.03
13781,18552.8
13785,22170.9
13787,34656.87
13788,21611.43
13789,5661.71
13790,17986.83
13791,44516.98
13792,21909.74
13793,50610.85
13794,12407.29
13795,5104.52
13797,18919.06
13804,12631.01
13812,24279.39
13813,20687.85
13814,10325.01
13820,46824.96
13823,4760.46
13825,14235.91
13828,18657.96
13830,60025.67
13831,14712.91
13833,30327.27666666667
13834,41857.44
13837,28490.5
13838,11790.01
13842,16525.15
13845,10955.46
13847,10278.67
13850,17857.84
13854,29045.0
13856,35684.48
13857,10574.13
13858,18094.5
13861,7392.57
13865,5269.16
13869,20656.54
13872,36897.27
13875,20392.06
13877,12428.31
13878,13920.7
13882,65231.94
13885,44783.6
13889,19538.42
13890,13417.98
13892,10947.211833333331
13895,20354.05
13896,19690.58
13897,13753.38
13898,15529.72
13900,17747.94
13901,11995.94
13903,21499.24
13906,46896.95
13909,30917.1
13914,82066.22
13915,27594.17
13916,10222.83
13919,17593.96
13921,8014.44
13922,39848.47
13925,90747.59
13926,29067.32
13927,17211.12
13928,46782.72
13929,2675.1
13930,6753.97
13934,26692.73
13935,4686.66
13944,45437.79
13945,2615.64
13947,16248.04
13951,7539.02
13953,28031.33
13955,14693.79
13958,9796.31
13959,18968.23
13966,30215.66
13967,131895.53
13969,43190.71
13972,47226.13
13978,33147.93
13981,11369.08
13984,12407.29
13991,21585.58
13994,21200.38
13998,18117.36
14001,52514.07
14005,39830.07
14006,12764.87
14008,11103.89
14009,14567.13
14019,41659.02
14020,11658.7
14026,56705.93
14029,31015.34
14037,24257.27
14038,18544.88
14039,15587.81
14042,16594.03
14044,17139.81
14048,18022.34
14052,18632.7
14058,19739.23
14063,8233.14
14065,22094.94
14069,18553.91
14071,18801.48
14072,42762.4
14078,19635.32
14079,9245.93
14080,16237.66
14089,9792.36
14091,17075.05
14094,14515.515
14097,9397.7
14098,20967.88
14099,11314.59
14100,24864.56
14102,63460.53
14105,7992.7
14107,1668.02
14110,18542.95
14111,14656.09
14120,23438.06
14122,17518.05
14126,44622.67
14130,7891.58
14133,17797.27
14135,5119.45
14140,15500.75
14147,12591.3
14150,4956.06
14151,54423.87
14154,30887.24
14156,27560.61
14161,8169.98
14172,7720.13
14173,44647.5
14176,19040.263333333332
14177,19276.48
14178,23726.94
14180,14502.99
14181,9401.05
14182,16094.03
14183,13944.71
14184,35959.13
14186,8691.67
14189,20840.74
14191,16926.26
14192,8466.62
14194,19643.76
14199,13248.09
14201,23372.17
14204,29844.19
14210,22175.21
14211,13329.57
14215,31538.5
14218,4293.65
14219,17261.41
14220,17006.25
14221,9500.69
14224,18179.99
14226,17319.68
14230,45894.84
14234,10199.64
14240,14590.25
14243,4907.85
14245,11287.97
14246,27174.45
14248,18034.53
14251,35616.75
14257,14780.77
14259,12803.52
14262,18776.54
14264,23842.06
14267,55322.57
14273,6484.13
14278,13990.06
14280,47729.04714285713
14286,18554.77
14287,17032.19
14288,9667.09
14291,65872.58
14298,9119.38
14301,44492.06
14304,19743.2
14305,24548.14
14306,18102.82
14307,30710.03
14309,13036.73
14313,10402.47
14314,75426.82
14318,15568.19
14321,6086.41
14326,53041.82
14327,5293.87
14331,16674.41
14332,8356.283333333333
14333,17197.44
14343,42085.15
14351,11701.27
14354,18242.46
14360,36310.44
14361,10733.39
14367,14751.94
14370,22638.92
14371,8501.16
14375,46144.9
14377,34713.9
14382,20731.91
14383,21676.27
14387,47512.22
14391,12435.25
14394,20361.56
14395,16959.57
14399,33815.97619047619
14401,8179.9
14402,15416.47
14404,10657.97
14406,5376.63
14409,38065.86
14410,8108.36
14411,6141.13
14418,15646.25
14420,46459.99
14421,10933.13
14423,7311.12
14424,21318.9
14427,44427.97
14430,14778.59
14431,17949.05
14440,26437.32
14442,6464.18
14444,43064.08
14447,9740.91
14448,33440.35
14449,12646.4
14450,23810.1
14451,13663.9
14452,22432.48
14453,18186.8
14456,19061.13
14462,16685.91
14463,33966.63821428572
14466,10597.43
14468,23294.76
14472,10922.35
14473,42480.53
14474,73284.63333333333
14476,27786.5219047619
14477,47033.72
14480,25758.44
14481,22192.59
14483,17770.56
14488,18945.44
14493,11879.72
14494,21165.76
14500,28675.18
14501,17072.53
14502,25552.81
14503,4209.23
14504,17424.78
14505,14450.3
14506,49851.88
14507,22062.33
14508,19739.65
14512,16704.66
14513,18361.05
14514,12502.28
14515,33649.52
14516,40347.76
14518,34825.21
14519,17215.19
14522,10458.73
14523,66619.8
14524,48573.81
14525,13517.77
14527,30883.69
14530,63480.73
14536,12895.38
14538,25226.23
14548,16382.49
14549,10779.99
14552,3213.92
14553,18461.33
14555,13984.85
14562,27422.11
14564,10809.27
14567,16759.57
14568,16002.95
14572,20990.4
14573,25021.53
14574,7228.19
14575,13767.86
14576,20744.52
14579,21932.71
14581,10588.42
14582,21509.45
14587,10773.87
14588,16066.64
14591,8308.48
14592,39665.35
14596,20805.05
14601,13085.69
14602,51986.06
14605,41640.97
14608,32503.91
14619,15963.3
14622,17318.87290476191
14623,30433.14
14629,10582.32
14630,8135.92
14631,38336.86
14633,37124.69
14638,11910.64
14640,23445.5
14642,8090.27
14643,58346.32
14644,13681.83
14645,35610.1
14650,9322.62
14658,55826.76
14661,19895.04
14664,14700.4
14667,14249.06
14670,47955.57
14671,14242.63
14674,34528.24
14681,38809.99
14682,3874.25
14685,29066.46
14688,8321.69
14691,14196.61
14693,51209.58
14694,16915.96
14697,25692.69
14700,7723.56
14701,17999.66
14703,31406.4
14708,27756.63
14715,8021.4
14718,21430.94
14719,45009.93
14722,8785.58
14724,6731.306666666666
14726,39503.59
14727,20922.86
14729,74123.43
14734,22536.64333333333
14737,16734.48
14742,6126.15
14744,11158.51
14748,7853.94
14749,7084.59
14756,23795.58
14758,34920.3
14760,36732.67
14762,18173.2
14773,21325.34
14776,16380.51
14778,71184.41
14779,11501.75
14780,17759.51
14781,26211.88
14782,12539.09
14784,96019.82
14787,26180.47
14791,17266.53
14792,25634.7
14797,21646.91
14804,11526.24
14806,10188.84
14811,126487.93
14812,11863.49
14814,18615.7
14818,45900.28
14819,9490.08
14827,22694.37
14829,12691.48
14830,8324.7
14836,16565.5
14843,7059.28
14847,40724.01
14848,7406.713333333332
14850,15080.31
14851,15166.72
14854,12753.82
14855,11572.57
14857,10511.7
14858,20028.66
14861,20967.11
14866,23928.92
14870,15500.1
14872,11362.82
14874,7646.9333333333325
14883,11067.36
14886,8240.09
14887,24985.9
14889,22322.81
14893,29632.28
14899,18257.718666666668
14900,26696.11
14907,21518.1
14911,18228.59
14913,3434.61
14915,65894.09
14916,20772.05
14919,17393.72
14924,25482.48
14925,34177.28
14927,4786.57
14936,18574.74
14940,14619.34
14943,51316.92
14945,19010.89
14950,21141.217666666667
14952,58928.03
14955,6397.1
14958,16916.22
14964,12985.53
14966,18116.89
14967,13638.79
14968,7970.913333333333
14972,17594.4
14978,11326.12
14982,2776.95
14984,50659.47
14985,8128.12
14986,19544.65
14987,12899.74
14988,24893.34
14991,77188.69
14997,8914.47
14998,30070.870909090907
14999,12838.25
15000,58081.76
15002,30394.56
15003,9791.64
15004,16871.13
15005,30716.23
15006,7221.53
15008,27549.8925
15014,6380.67
15021,44463.5
15022,8637.89
15027,12509.24
15031,47700.42
15036,51609.61
15037,8311.82
15038,39732.84
15039,26173.88
15046,33863.51
15047,22781.98
15055,34881.67
15056,30304.58
15061,19562.87
15062,9834.96
15069,20030.98
15072,28746.54
15073,17466.55
15075,8844.57
15076,28529.44
15077,15467.09
15079,28732.61
15082,3625.48
15085,14156.93
15089,15194.45
15093,2903.9
15094,25320.12
15095,3797.74
15098,14780.42
15099,15326.36
15104,40080.54
15105,14803.15
15109,16589.07
15112,12621.42
15117,27566.58
15124,17189.682142857142
15127,6585.66
15131,21877.5
15132,18964.08
15134,20863.19
15144,10865.703333333335
15145,13576.29
15146,52783.13
15147,20753.56
15148,42602.37
15150,6418.39
15155,27473.38
15156,11148.45
15157,56052.58
15160,32062.07
15163,42517.12
15165,13049.71
15168,33914.83
15170,4956.06
15172,25167.77
15175,27711.24
15176,29491.97
15182,16109.92
15183,60483.66
15186,18905.13
15188,50831.14
15189,43570.21
15196,85328.88
15203,48834.37
15204,18625.09
15205,18161.96
15208,2929.6
15212,34004.06488095238
15213,19550.99
15220,15612.17
15225,7062.07
15228,3509.67
15229,4705.28
15231,10160.99
15232,7739.82
15233,15918.61
15242,22310.22
15243,7403.02
15247,16441.92
15259,21080.07
15261,6296.24
15263,6368.65
15264,13938.66
15271,20432.9
15272,64728.88
15275,10218.94
15277,20012.04
15280,33041.79
15284,52911.02
15285,21885.49
15286,15414.76
15287,16801.5
15289,10480.02
15290,20266.03
15292,23278.99
15295,3849.28
15297,20438.45
15298,10455.5
15300,47253.73
15305,17552.18
15306,15651.11
15309,55162.49
15314,22780.28
15315,6148.5
15320,16259.86
15321,19479.17
15322,18274.1
15325,30327.27666666667
15327,30075.78
15329,7196.53
15338,54934.99
15339,23040.76
15342,18224.8
15345,12137.83
15346,50856.15
15347,13687.09
15348,12684.16
15353,13778.32
15356,13884.23
15360,14148.886666666665
15365,15217.95
15372,19301.42
15374,20734.63
15375,31988.9
15380,20222.56
15388,15703.33
15393,22803.81
15400,9620.15
15404,34637.08
15406,4298.27
15407,18583.39
15409,7029.47
15410,19579.076666666668
15411,24414.88
15413,24487.54
15414,49822.86333333334
15415,21509.44
15416,6584.69
15420,8165.46
15423,5766.73
15430,24926.13
15431,11561.26
15434,41978.91
15436,26484.6
15437,10130.5
15440,9000.04
15443,26945.0
15444,116916.78
15445,32003.91
15446,46021.89
15447,39513.44
15452,53774.2
15454,16950.57
15455,43317.07
15461,11018.8
15462,15960.36
15463,26082.6
15464,17633.76
15465,38147.81
15467,26068.11
15470,30069.76
15471,14589.12
15473,30324.2
15479,23576.25
15481,11827.621833333333
15483,1296.91
15487,9596.59
15489,7891.19
15496,7115.88
15499,9913.36
15500,30351.35
15506,6220.58
15507,26812.23
15509,31439.6
15511,28448.589023060267
15512,20063.61
15513,14049.96
15514,9467.91
15516,18691.95
15519,13117.59
15520,17812.75
15521,32942.62
15527,8490.02
15529,17199.73
15536,30935.13
15539,10859.22
15543,20485.5
15547,38099.89
15548,27721.64
15550,1424.74
15566,21969.47
15568,15635.13
15575,5201.68
15579,47295.76
15581,7160.4
15583,25916.21
15588,31295.77
15595,34423.81071428571
15597,32021.86
15599,10418.72
15602,17786.85
15603,7828.18
15606,9243.0
15607,30873.77
15608,10963.23
15609,11314.47
15611,15666.92
15614,18115.84
15615,10183.08
15619,39132.62
15620,17641.43
15623,33492.46
15624,6887.29
15625,14296.19
15626,13582.44
15627,55117.76
15631,18015.89
15632,13369.48
15634,15160.08
15639,12369.39
15641,6743.67
15645,13071.38
15648,7268.49
15649,9028.71
15654,7683.49
15656,44119.7
15661,57862.0
15664,48030.05
15665,20132.18
15668,19639.88
15670,22536.63
15671,10963.26
15675,1416.3
15677,32147.226190476184
15683,29174.27
15687,21369.09
15691,10709.37
15692,18301.04
15694,16321.77
15699,11471.89
15700,10660.45
15701,46164.94
15702,33505.21333333333
15703,20007.11
15704,38293.08
15707,20510.72
15708,44706.19
15709,20725.97
15710,10977.56
15714,47817.03
15717,22261.14
15718,11690.16
15731,60801.17
15732,44783.6
15733,27427.97
15734,11488.28
15738,13244.85
15742,35643.98
15748,17701.380690476188
15750,27592.84
15753,24333.9
15755,17544.59
15757,21870.57
15762,31519.83
15763,14875.64
15765,38708.06
15766,44825.33
15768,35423.29
15776,21733.66
15779,7869.44
15785,29547.16
15788,35401.84
15790,27825.95
15792,45225.64
15793,18264.53
15795,6557.53
15798,7632.83
15803,32469.99
15805,21661.93
15807,20833.93
15808,16626.23
15814,8619.75
15815,24798.52
15820,36017.52635714286
15824,52207.5
15826,21435.5
15827,18013.66
15830,9017.46
15831,23329.71
15834,34833.04
15835,13650.22
15836,10458.37
15838,9936.05
15840,29670.62
15843,9850.54
15846,10470.91
15850,6009.31
15852,8123.65
15853,5422.65
15856,8985.1
15858,6787.74
15860,15805.72
15863,31319.89
15869,25478.57
15870,11184.5
15873,25530.16
15875,35974.27
15877,8376.3
15889,15556.5
15890,9682.1
15891,43151.57
15892,12361.32
15893,32599.05
15901,20664.12
15907,18069.88
15910,25727.79
15912,16772.73
15915,30494.53
15921,19375.06
15922,18970.11
15925,23689.24
15928,14086.04
15929,21308.6
15933,7616.1
15934,13124.18
15935,23986.1
15936,24545.87
15941,9103.09
15943,26347.71
15946,18981.81
15950,18465.46
15959,20506.12
15963,19360.24
15964,8180.08
15969,13231.11
15972,32106.62
15973,49250.37
15978,19302.72
15981,39145.16
15985,47275.12
15986,31542.92
15987,37176.09
15988,21520.89
15989,18301.76
15990,32843.17
15991,42762.4
15992,18144.27
15994,16781.76
15996,29703.04
16011,12857.22
16016,16133.4
16018,67157.0
16021,46173.73
16023,23901.4
16027,19449.87
16029,16772.55
16030,24597.4
16034,22335.78
16037,13866.02
16042,70808.28
16043,36248.13
16044,34918.68
16046,21626.22
16052,52782.15
16057,18029.23
16062,18576.01
16063,68153.9
16064,24017.25
16066,8298.78
16067,10497.45
16070,32214.97
16072,52251.67
16073,2406.36
16077,15808.26
16080,32014.22
16084,19471.24
16086,10332.69
16087,48956.11333333334
16093,14716.77
16097,38522.31
16099,15693.32
16101,6071.98
16103,8241.17
16112,32780.48
16113,20747.74
16116,21668.56
16120,30906.4
16122,23830.33
16126,20313.83
16127,22684.52
16129,16880.71
16130,21211.22
16136,9570.73
16145,25927.56
16147,14139.49
16152,7027.46
16157,18176.14
16158,17533.46
16160,46562.58
16161,44972.79
16165,10956.8
16166,5921.2
16167,55286.88
16172,13342.72
16174,15039.93
16176,10951.3
16181,46618.20666666667
16188,4871.05
16196,21623.96
16197,17086.33
16198,35627.04
16199,11956.44
16203,47147.69
16206,5657.16
16207,4232.06
16214,57256.44142857143
16215,8654.035
16216,38964.18
16217,9751.49
16225,33384.54
16226,26182.46
16227,12908.9
16229,2163.01
16230,72773.81
16232,9786.95
16233,37366.35
16235,21630.74
16237,8945.08
16242,15543.25
16246,6886.46
16252,29306.21
16253,31526.261428571426
16255,46480.04
16259,34573.75
16260,32422.4
16263,44828.45
16264,30165.2
16272,12859.64
16279,5912.706666666668
16280,47632.72
16288,18651.34
16289,23937.02
16290,13795.78
16292,45393.47
16295,21889.95
16297,11816.07
16298,19002.36
16301,21424.45
16302,11361.5
16307,47790.15
16310,26954.28
16311,21514.85
16313,19133.2
16314,21634.29
16318,27459.85
16319,9291.13
16320,10820.18
16324,20468.4
16325,8929.22
16326,36958.4
16327,16864.606
16329,11470.36
16330,47013.68
16334,15868.32
16339,17773.06
16342,22037.64
16343,48668.24
16344,11575.38
16345,42186.67
16347,18501.41
16348,19791.91
16350,45585.06
16351,48903.38
16353,11044.75
16354,18711.39
16356,19693.13
16358,32896.61
16361,14972.29
16362,40936.2
16368,17241.95
16370,27167.35
16371,8212.99
16372,19141.24
16373,12142.06
16376,38328.39833333334
16380,18113.698666666663
16381,16689.15
16385,5369.37
16386,33218.18
16388,32051.75
16389,12693.8
16392,12245.62
16394,68704.99
16395,21169.94
16396,20063.46
16397,16724.08
16399,20100.85
16404,24728.54
16405,24504.2
16406,10547.39
16408,25645.2
16409,29319.12
16413,62270.47
16424,37553.83
16427,22050.32
16429,11356.22
16434,9415.37
16435,14079.38
16437,24297.82
16443,5144.44
16446,8115.33
16447,29392.92
16453,23351.89
16455,35141.9
16459,65759.95
16460,18073.54
16462,16327.69
16463,8486.42
16464,34231.71
16465,44548.28
16467,8974.49
16471,8717.59
16472,11637.12
16475,18179.99
16479,18747.82
16482,13041.8
16489,15213.85
16490,13582.44
16493,43022.04142857143
16498,17313.94
16500,16817.93
16502,11835.58
16504,16913.4
16507,6554.7
16508,27557.85
16513,37227.53
16516,18216.9
16525,10487.69
16530,19133.2
16531,54742.76
16535,18583.91
16536,6478.64
16537,10404.13
16538,47711.45
16539,7467.36
16540,18834.58
16541,6670.11
16543,47684.46
16546,15904.03
16551,35443.71
16552,35453.52
16557,14826.67
16559,16002.95
16563,13098.94
16568,7541.81
16570,15744.66
16572,18657.236666666668
16575,47153.13
16579,13372.03
16580,48530.74
16585,40039.87
16586,14871.76
16588,73673.89
16589,16542.71
16591,11807.51
16593,5028.54
16595,18233.16
16596,20253.4
16599,11436.06
16601,22245.82
16604,16414.93
16605,52081.59
16610,56334.09
16611,75716.84
16612,15075.79
16614,10044.0
16615,15182.97
16625,11400.57
16627,28222.44
16643,33889.16
16644,19007.71
16648,24546.05
16649,17974.6
16652,17664.99
16653,17344.98
16654,1928.41
16658,23460.77
16659,14005.14
16660,30153.52
16662,8942.14
16667,23191.64
16673,20467.1
16674,5976.15
16675,14772.39
16676,4475.19
16680,22838.69
16681,30378.92
16682,36456.25
16684,17512.34
16690,18342.18
16693,36630.89
16696,13582.44
16699,15896.82
16700,60835.8
16701,17989.75
16702,47254.73
16703,9411.92
16706,22189.85
16713,19486.11
16719,23613.05
16721,46867.41
16724,2776.3
16725,34341.47
16731,20379.86
16733,33832.84
16740,6744.48
16743,21638.91
16746,22161.36
16747,50101.63
16750,37304.64
16751,12255.26
16754,26515.18
16756,22157.1
16762,5521.03
16768,17895.83
16769,12439.36
16772,26594.09
16775,19824.98
16776,14688.09
16786,13499.77
16789,49920.66
16790,11334.13
16791,19637.87
16794,15688.52
16795,41137.91
16797,13809.74
16798,14620.46
16804,14850.08
16806,35307.48
16815,15017.31
16819,17771.14
16821,65343.18
16824,30340.67
16827,20532.78
16828,10475.34
16831,16814.75
16834,24446.83
16838,14612.43
16841,13718.18
16847,28245.23
16848,23299.03
16853,14852.81
16855,7739.53
16858,12226.49
16862,58586.96
16864,27839.15119047619
16869,16867.61
16873,41192.83
16880,19752.01
16882,18835.82
16883,18948.17
16884,15220.78
16885,17833.87
16886,14061.1
16887,76513.31
16889,9607.91
16891,31304.75
16893,8709.72
16895,11501.96
16899,41906.27
16901,54474.56
16902,41660.82
16906,12824.95
16912,9054.79
16914,12265.99
16915,9365.33
16916,7969.0
16919,21150.79
16923,20525.474761904763
16925,21323.72
16926,17148.3
16932,15130.9
16935,18169.95
16939,18350.53
16942,10042.8
16948,21809.92
16950,15521.1
16951,19670.22
16953,17557.0
16955,15082.45
16959,25998.43333333333
16968,21342.4
16973,20660.89
16978,18253.21
16983,25130.25
16987,22505.57
16992,13750.65
16994,14196.46
16999,8496.57
17000,66312.4
17001,21079.38
17002,12531.61
17004,15841.37
17007,30889.98
17012,20187.73
17015,9085.2
17016,9718.91
17018,12260.69
17026,17181.25
17027,25735.56
17028,8556.15
17029,22314.59
17035,12174.95
17036,10085.74
17039,9428.82
17040,21999.48
17041,15708.91
17042,26865.19
17043,11993.95
17049,14859.62
17055,32023.797499999997
17056,19556.99
17057,18466.33
17058,38318.45
17060,14503.15
17061,7847.51
17064,15462.74
17065,6899.83
17067,17418.71
17068,10694.83
17069,23813.09
17074,34394.48
17076,44430.43
17079,20464.8
17087,15406.47
17090,42086.31
17091,9014.24
17092,10805.68
17094,18520.1
17097,13648.94
17099,32355.24
17100,10137.58
17104,46918.88
17105,19474.45
17109,33966.63821428572
17111,6368.38
17116,1906.34
17118,10089.04
17123,8677.26
17125,23350.92
17128,17241.036
17129,5975.36
17135,57127.64
17138,21460.17
17139,18221.01
17140,3302.63
17142,30163.79
17143,15734.61
17147,27728.95
17149,16230.54
17156,61554.41
17158,63402.8
17161,11705.16
17165,65136.6
17166,13027.31
17167,62277.1
17174,57721.44
17175,15743.87
17181,31147.12
17183,51262.84
17184,45674.34
17187,20748.89
17188,7357.77
17189,27364.21
17190,55377.32
17195,42970.09
17199,32181.04
17204,44570.02
17213,17451.34
17214,60158.01
17215,58984.65
17216,30221.59
17218,15651.84
17219,19186.43
17220,27304.11
17222,31274.47
17223,19677.31
17228,35373.86
17231,8345.96
17234,33354.33349206348
17240,13799.94
17245,18342.85
17246,27665.34
17251,21879.79
17252,40056.96
17253,20071.89
17255,7622.92
17256,19216.83
17257,16109.92
17264,20722.12
17265,31107.52
17266,27168.99
17267,45129.03
17269,32716.72
17271,37635.31
17272,15649.47
17273,47459.41
17274,18450.31
17276,3238.3
17279,8854.53
17280,95254.33
17284,20706.8
17288,19986.33
17290,44774.59
17292,75187.01
17293,41770.5
17295,11066.97
17297,67118.58
17301,18305.79
17302,72619.99238095239
17303,10869.086833333331
17310,28871.43
17313,18249.89
17315,15685.76
17318,14446.62
17319,4157.41
17320,36514.61
17322,24575.83
17327,33059.54
17329,27746.17
17330,57333.84
17335,9910.76
17336,23826.51
17339,15587.81
17342,12396.87
17343,11218.24
17344,19460.29
17348,10533.11
17349,47729.04714285713
17360,64042.642857142855
17364,17031.86
17367,9636.39
17369,8687.32
17372,10462.02
17374,29735.78
17377,10496.55
17380,44981.09
17383,25000.99
17386,14046.47
17388,8416.72
17392,16883.87
17400,45621.4
17401,12222.48
17406,25159.24
17410,28284.09
17411,42333.8
17412,26086.17
17417,18316.13
17418,61774.07
17422,18400.76
17426,11218.12
17427,41700.65
17432,39798.84
17434,7434.65
17435,20446.12
17442,25373.57
17443,26205.99
17447,34234.42
17448,22355.14
17450,34309.87
17460,15651.24
17461,29668.95
17463,56560.84
17465,37502.74
17467,14028.95
17468,62162.57
17469,15720.95
17472,8964.57
17473,15225.46
17476,17093.86
17478,25767.28
17482,28418.63
17485,9926.08
17491,43417.46
17496,34185.33
17500,6096.64
17501,20864.16
17504,14308.06
17509,51586.36
17511,33922.6
17514,50555.34
17517,20699.31
17518,28071.18
17527,21818.41
17530,28630.66
17533,9826.8
17538,19559.62
17540,14975.48
17541,129343.31
17551,8577.93
17556,14855.03
17558,20258.65
17562,20586.69
17563,30909.37
17564,13794.51
17565,11333.1
17571,46173.75
17572,19713.13
17574,45695.9
17580,20525.09
17585,5794.16
17586,18614.47
17589,18634.63
17594,11431.67
17595,15392.75
17601,16101.07
17606,13639.02
17607,18055.21
17614,40439.84
17615,47470.27
17620,23299.03
17622,20711.5
17628,46897.18
17630,24162.53
17636,7175.23
17637,7395.093333333332
17640,17951.46
17642,2487.69
17646,16721.96
17647,19876.3
17648,20743.67
17652,33690.55
17653,11546.23
17654,31487.57
17655,19213.47
17658,15156.68
17661,12375.87
17663,14605.16
17666,20967.08
17667,9031.33
17668,19977.29
17674,48873.08
17677,11162.91
17679,8008.13
17680,17599.52
17683,29108.83
17684,33238.37
17687,27750.71
17691,14650.69
17694,73163.85
17695,59223.3
17700,25911.108437418992
17704,20088.57
17711,17295.07
17716,21016.52
17718,23489.85
17724,8459.43
17726,2579.2
17730,39521.21
17731,23929.93
17733,7433.453333333333
17736,41659.02
17737,26151.58
17738,47695.98
17739,7686.3
17740,7593.03
17742,10659.11
17743,9492.78
17746,18981.85
17747,9948.16
17748,63969.34
17751,56226.7
17754,9135.09
17756,27720.81
17757,58182.63
17758,30391.16
17759,22505.62
17762,8625.55
17764,18304.95
17766,20523.38
17767,7116.06
17769,14243.01
17771,36795.66
17774,23047.72
17780,10491.37
17781,4649.91
17787,21441.797619047622
17788,15512.73
17791,10969.28
17795,17994.97
17798,21112.65
17799,24206.22
17801,13701.48
17803,16012.96
17804,9003.85
17808,17934.76
17809,73711.28
17813,63120.12
17814,5760.49
17816,22629.98
17824,19553.93
17825,42502.0
17828,22971.65666666667
17830,40419.49
17833,25765.21
17834,32906.05
17836,19799.55
17839,8908.99
17843,15103.743333333337
17844,10695.15
17845,9669.96
17847,20225.85
17852,21403.91
17856,35059.54
17863,26787.76
17864,25541.37
17865,33197.902
17870,21304.42
17872,4138.35
17873,34567.02404761905
17877,7930.323333333333
17882,18728.49
17883,18872.03
17888,7733.56
17893,29462.82
17901,57689.17
17903,50299.82
17907,19119.54
17909,19438.91
17910,22352.055238095243
17913,101295.17
17915,32896.61
17916,44477.56
17919,14939.21
17921,13661.31
17923,38624.97
17925,17403.89
17929,17832.97
17931,37370.46
17934,18357.29
17937,36819.23
17938,15476.45
17943,9494.99
17950,19102.24
17953,21111.74
17955,18443.7
17960,14677.95
17966,22748.18
17967,64890.95
17968,8118.15
17969,17956.9
17970,14688.09
17972,94276.44
17977,55675.26
17978,10253.66
17980,54384.39
17984,24692.95
17986,25985.028333333335
17992,17741.68
17993,18985.47
17995,16319.59
17998,8964.29
18000,44302.95
18004,53989.39
18009,16677.05
18010,28102.35
18014,28502.55
18016,16876.055357142857
18019,14734.78
18029,12288.02
18031,19135.39
18034,15476.6
18037,51055.15
18040,63333.92
18045,13507.67
18046,20858.79
18049,16595.54
18050,26016.86
18056,43448.69
18058,7271.9
18060,6274.74
18064,20652.39
18065,12860.54
18066,56754.02
18067,19621.78
18070,32895.72666666666
18072,6972.06
18074,22772.77
18076,16536.1
18079,28744.5925
18083,25893.37
18086,53865.29
18090,45946.45
18106,36714.04
18109,27722.51
18114,16491.81
18118,61472.98
18120,10813.89
18122,19542.74
18126,33514.65
18129,19488.68
18133,11121.923666666664
18135,8327.81
18142,35658.73
18152,20652.39
18159,68305.18
18164,15978.65
18165,27461.13
18167,32139.01
18170,24435.13
18171,24789.59
18174,48486.29
18176,47955.57
18179,36198.49
18181,19317.91
18190,30551.22
18193,40520.88
18195,47187.12
18200,17305.61
18201,45186.08
18205,8609.87
18208,60396.34
18210,18443.7
18211,37351.69
18213,26468.238333333335
18214,58448.5
18217,57466.86
18219,20425.38
18220,8240.59
18232,14611.85
18234,29813.89
18239,25880.93
18240,64356.85
18242,10733.69
18248,61419.47
18254,19300.34
18256,8055.84
18257,14328.71
18265,21469.66
18267,65507.49
18273,12616.15
18276,20868.79
18282,11206.46
18285,4428.72
18286,10212.77
18290,10556.92
18297,12984.21
18300,17327.3525
18305,26573.905
18306,16406.7
18307,29007.37
18308,10037.44
18310,8032.01
18314,2149.69
18315,18191.87
18317,12447.86
18321,93407.73
18323,10776.46
18325,37194.55
18327,4548.76
18330,11949.86
18336,38180.43
18337,20689.88
18341,17540.69
18342,59457.36
18345,20477.98
18347,31023.04
18350,27479.62
18354,16321.74
18355,12327.51
18359,12504.38
18361,7819.48
18362,17589.12
18370,11652.63
18372,19556.98
18376,14869.58
18378,27311.06
18379,34692.9975
18381,45247.03
18383,20063.69
18389,23684.94
18392,23595.1
18393,15773.74
18396,37393.3
18400,65268.66
18401,46061.27
18404,14662.69
18409,44959.55
18410,5911.7
18412,17405.87
18420,45616.46
18421,39846.14
18425,12662.58
18427,9629.89
18429,16379.31
18431,14521.7
18432,4454.55
18435,19798.4
18436,23597.9
18437,34285.83
18438,23278.0
18442,42125.37
18445,30763.62
18446,14919.68
18447,18948.17
18450,31624.481428571427
18451,4804.58
18454,27293.6
18455,8661.64
18456,48533.62
18461,20215.36
18462,64348.34
18463,21491.78
18464,56875.17
18471,37308.5
18472,41967.56
18476,19179.53
18483,39775.84
18485,37945.5
18493,13234.69
18495,29813.89
18498,21785.99
18503,8232.39
18511,28853.42
18514,14817.92
18523,8732.7
18524,25133.56
18525,3855.54
18529,13555.76
18531,45200.63
18532,14936.28
18533,14595.35
18539,6700.27
18542,13849.89
18545,5203.42
18546,16559.07
18549,10808.43
18551,10570.16
18553,21147.83
18564,7751.82
18565,21315.61
18568,4952.93
18570,27680.66
18572,21195.72
18575,14427.48
18578,32105.68
18579,9097.02
18580,16622.63
18582,17577.39
18585,20245.73
18587,18043.43
18588,31495.62
18597,11922.15
18601,17781.45
18603,50857.28
18608,11187.42
18609,29854.14
18611,40260.54
18613,19135.2
18620,11207.58
18624,13901.96
18625,27994.26
18628,10788.52
18629,14374.04
18630,6111.14
18631,35021.57
18632,27395.61
18634,7804.306666666666
18648,12977.14
18650,27971.42
18657,132289.78
18658,61488.56
18664,21908.49
18667,14838.67
18671,12859.66
18674,27658.125
18678,11280.19
18680,9550.41
18681,16577.83
18684,10121.04
18685,45383.86
18690,17909.71
18693,17415.89
18695,17663.08
18700,36946.98
18703,34203.83
18705,21396.47
18709,41706.18
18710,5094.75
18711,11502.58
18713,37367.51
18716,18097.16
18720,25292.56
18721,23298.61
18725,13977.89
18727,22966.66
18733,16756.69
18738,24951.22
18740,10179.29
18741,11699.14
18744,31663.39
18748,40126.33
18749,20281.78
18756,8264.19
18759,15651.78
18760,21142.7
18762,34714.135
18769,8472.48
18772,24590.78
18773,57807.07
18775,11357.75
18777,23117.48
18779,6992.34
18782,16461.56
18783,23018.57
18788,9468.6
18793,32191.31
18796,31489.153333333332
18797,31190.17
18798,16184.79
18799,44306.66
18800,53587.38
18802,17187.69
18803,19260.41
18809,11157.61
18815,42290.5
18820,33382.82666666667
18821,17557.72
18823,47550.37
18825,20158.86
18827,15487.4
18829,20193.04
18831,20430.0
18832,21872.09
18833,8183.98
18835,55197.27
18843,2474.6
18844,11999.55
18845,8951.24
18849,56412.87
18854,2344.07
18862,20989.86
18863,49336.59
18864,15053.18
18865,22090.53
18870,12070.25
18873,14632.74
18876,9841.34
18878,34042.45
18882,15721.61
18884,3493.4
18897,23664.63
18899,10198.66
18900,15826.04
18904,24313.81
18906,17523.07
18907,12034.0
18912,47100.88
18915,32342.03
18916,19258.73
18917,35688.38
18918,17552.96
18920,14391.12
18923,27386.58
18925,37808.57
18926,25188.9
18927,47287.63
18928,38345.29
18930,16078.77
18931,14899.89
18934,43406.36
18936,8583.8
18938,17357.97
18941,19821.14
18942,19890.58
18950,5655.17
18951,29543.53
18952,20353.96
18953,25106.39
18955,7156.273333333333
18965,14197.97
18968,35184.9
18969,38185.82
18970,5638.12
18972,23709.15
18975,6259.46
18985,8401.17
18989,30592.73
18993,72987.32
18996,19362.23
18998,16420.34
19003,11743.09
19007,23438.31
19009,10184.08
19010,38760.34
19011,26111.33
19018,12218.24
19019,25911.108437418992
19030,33688.75
19036,38872.28
19038,22631.77
19043,11635.98
19054,15241.24
19060,12019.88
19062,18393.83
19065,14616.24
19066,7247.09
19072,5769.03
19073,14785.37
19075,29056.8
19077,65848.28
19079,13605.96
19087,57831.26
19091,4383.43
19092,30897.74
19094,10818.65
19096,59843.32
19100,4588.9766666666665
19111,43094.375
19112,29704.3
19116,33157.37
19117,17562.54
19131,8126.54
19132,8926.71
19136,29396.34
19150,22326.53
19151,28236.75
19152,39973.63
19153,9062.58
19157,19853.02
19163,33933.77
19167,16017.87
19168,16321.74
19170,24854.07
19171,17279.15
19175,21766.03
19177,16625.69
19179,11182.76
19180,52436.47
19181,34203.03
19184,54328.59
19187,54474.04
19190,5039.55
19195,24098.2
19197,6485.4
19199,27858.17
19204,29009.73416666667
19211,26982.56
19214,15223.69
19215,75583.14
19217,3517.26
19218,15143.5025
19228,65582.62
19229,13245.01
19232,25303.42
19235,31479.24
19237,20840.02
19239,7593.62
19243,17461.5
19244,23515.3
19245,18386.51
19249,17438.94
19251,44669.57
19257,26957.86
19263,20545.93
19264,20620.05
19265,25051.14
19267,55064.1
19272,26418.33
19277,13075.23
19285,10372.41
19287,33740.38
19288,2687.11
19290,25076.4
19291,14643.68
19292,16732.18
19293,7351.97
19297,10728.24
19300,18107.59
19301,16576.82
19306,50720.08
19308,20016.57
19309,16451.49
19314,18047.622666666666
19315,8648.08
19317,11276.92
19318,19290.43
19319,92814.38
19322,28498.33
19327,19674.82
19328,18914.44
19330,10899.63
19332,23894.07
19333,22551.82
19335,47781.94666666666
19336,44774.59
19338,12314.02
19341,12223.07
19343,41067.08
19348,16761.6425
19351,11456.03
19354,18499.08
19355,40107.74
19357,22516.98
19358,18589.79
19360,11067.95
19362,35604.75
19365,35347.99
19366,11998.44
19367,36617.06904545454
19368,11910.98
19370,17552.27
19373,10499.49
19376,14254.65
19377,18605.63
19386,37905.62
19387,9300.02
19389,37308.46
19397,20235.08
19398,21774.96
19401,16752.96
19402,37731.64
19405,13084.98
19408,7417.336666666667
19410,15637.06
19411,20727.42
19412,16360.49
19414,36525.1
19416,53211.25
19420,17981.14
19422,5144.44
19423,132808.55
19427,64938.05
19429,11328.68
19430,25443.42
19431,21575.043333333335
19435,20192.79
19440,68305.18
19441,12307.77
19444,26683.36
19446,24777.11
19450,92915.61
19453,8387.33
19455,34801.79
19456,9675.07
19460,47497.62
19466,11319.48
19471,32620.352000000003
19472,12369.39
19475,27420.76
19486,37488.33
19487,13262.11
19490,13803.22
19491,14168.53
19493,19777.89
19497,21801.15
19499,30763.62
19500,11539.94
19501,50463.84
19503,42022.94
19505,43871.43
19506,33184.82
19509,15629.35
19510,34066.95
19512,9006.25
19515,49884.09
19519,40256.64
19521,16783.92
19522,29003.21
19533,18730.02
19536,53395.0
19537,17090.1
19539,12743.28
19549,27136.28
19551,14408.54
19553,21161.12
19555,56307.93
19557,30056.96
19558,26630.06
19559,34801.26
19560,12537.16
19562,18630.56
19563,8467.85
19568,10415.05
19572,28539.18
19579,6777.63
19582,2474.7
19584,20926.73
19586,22177.65
19589,12654.89
19595,9756.78
19597,16960.656000000003
19598,34900.63
19603,7787.51
19606,32899.44431623932
19607,63472.44
19611,38616.37
19613,22428.88
19615,26358.04
19616,17999.66
19618,50029.2
19620,19539.43
19626,20874.53
19630,23112.04
19631,4020.95
